date,day,aircraft,helicopter,tank,APC,field artillery,MRL,military auto,fuel tank,drone,naval ship,anti-aircraft warfare,special equipment,greatest losses direction,vehicles and fuel tanks,cruise missiles,submarines
2/25/2022,2,10,7,80,516,49,4,100,60,0,2,0,0,N/A,0,0,0
2/26/2022,3,27,26,146,706,49,4,130,60,2,2,0,0,N/A,0,0,0
2/27/2022,4,27,26,150,706,50,4,130,60,2,2,0,0,N/A,0,0,0
2/28/2022,5,29,29,150,816,74,21,291,60,3,2,5,0,N/A,0,0,0
3/1/2022,6,29,29,198,846,77,24,305,60,3,2,7,0,N/A,0,0,0
3/2/2022,7,30,31,211,862,85,40,355,60,3,2,9,0,N/A,0,0,0
3/3/2022,8,30,31,217,900,90,42,374,60,3,2,11,0,N/A,0,0,0
3/4/2022,9,33,37,251,939,105,50,404,60,3,2,18,0,N/A,0,0,0
3/5/2022,10,39,40,269,945,105,50,409,60,3,2,19,0,N/A,0,0,0
3/6/2022,11,44,48,285,985,109,50,447,60,4,2,21,0,N/A,0,0,0
3/7/2022,12,46,68,290,999,117,50,454,60,7,3,23,0,N/A,0,0,0
3/8/2022,13,48,80,303,1036,120,56,474,60,7,3,27,0,N/A,0,0,0
3/9/2022,14,49,81,317,1070,120,56,482,60,7,3,28,0,N/A,0,0,0
3/10/2022,15,49,81,335,1105,123,56,526,60,7,3,29,0,N/A,0,0,0
3/11/2022,16,57,83,353,1165,125,58,558,60,7,3,31,0,N/A,0,0,0
3/12/2022,17,58,83,362,1205,135,62,585,60,7,3,33,0,N/A,0,0,0
3/13/2022,18,74,86,374,1226,140,62,600,60,7,3,34,0,N/A,0,0,0
3/14/2022,19,77,90,389,1249,150,64,617,60,8,3,34,0,N/A,0,0,0
3/15/2022,20,81,95,404,1279,150,64,640,60,9,3,36,0,N/A,0,0,0
3/16/2022,21,84,108,430,1375,190,70,819,60,11,3,43,10,N/A,0,0,0
3/17/2022,22,86,108,444,1435,201,72,864,60,11,3,43,10,N/A,0,0,0
3/18/2022,23,93,112,450,1448,205,72,879,60,12,3,43,11,N/A,0,0,0
3/19/2022,24,95,115,466,1470,213,72,914,60,17,3,44,11,N/A,0,0,0
3/20/2022,25,96,118,476,1487,230,74,947,60,21,3,44,12,N/A,0,0,0
3/21/2022,26,97,121,498,1535,240,80,969,60,24,3,45,13,N/A,0,0,0
3/22/2022,27,99,123,509,1556,252,80,1000,70,35,3,45,15,N/A,0,0,0
3/23/2022,28,101,124,517,1578,267,80,1008,70,42,4,47,15,N/A,0,0,0
3/24/2022,29,108,124,530,1597,280,82,1033,72,50,4,47,16,N/A,0,0,0
3/25/2022,30,115,125,561,1625,291,90,1089,72,53,5,49,18,N/A,0,0,0
3/26/2022,31,117,127,575,1640,293,91,1131,73,56,7,51,19,N/A,0,0,0
3/27/2022,32,121,127,582,1664,294,93,1144,73,56,7,52,21,N/A,0,0,0
3/28/2022,33,123,127,586,1694,302,95,1150,73,66,7,54,21,N/A,0,0,0
3/29/2022,34,127,129,597,1710,303,96,1178,73,71,7,54,21,N/A,0,0,0
3/30/2022,35,131,131,605,1723,305,96,1184,75,81,7,54,21,N/A,0,0,0
3/31/2022,36,135,131,614,1735,311,96,1201,75,83,7,54,22,N/A,0,0,0
4/1/2022,37,143,131,625,1751,316,96,1220,76,85,7,54,24,N/A,0,0,0
4/2/2022,38,143,134,631,1776,317,100,1236,76,87,7,54,24,N/A,0,0,0
4/3/2022,39,143,134,644,1830,325,105,1249,76,89,7,54,24,N/A,0,0,0
4/4/2022,40,147,134,647,1844,330,107,1273,76,91,7,54,25,N/A,0,0,0
4/5/2022,41,150,134,676,1858,332,107,1322,76,94,7,55,25,N/A,0,0,0
4/6/2022,42,150,135,684,1861,332,107,1324,76,96,7,55,25,N/A,0,0,0
4/7/2022,43,150,135,698,1891,332,108,1358,76,111,7,55,25,N/A,0,0,0
4/8/2022,44,150,135,700,1891,333,108,1361,76,112,7,55,25,N/A,0,0,0
4/9/2022,45,151,136,705,1895,335,108,1363,76,112,7,55,25,N/A,0,0,0
4/10/2022,46,152,137,722,1911,342,108,1384,76,112,7,55,25,N/A,0,0,0
4/11/2022,47,154,137,725,1923,347,111,1387,76,119,7,55,25,N/A,0,0,0
4/12/2022,48,157,140,732,1946,349,111,1406,76,124,7,63,25,N/A,0,0,0
4/13/2022,49,158,143,739,1964,358,115,1429,76,132,7,64,25,N/A,0,0,0
4/14/2022,50,160,144,753,1968,366,122,1437,76,134,7,64,25,N/A,0,0,0
4/15/2022,51,163,144,756,1976,366,122,1443,76,135,8,66,25,N/A,0,0,0
4/16/2022,52,163,145,762,1982,371,125,1458,76,138,8,66,26,N/A,0,0,0
4/17/2022,53,165,146,773,2002,376,127,1471,76,148,8,66,27,N/A,0,0,0
4/18/2022,54,167,147,790,2041,381,130,1487,76,155,8,67,27,N/A,0,0,0
4/19/2022,55,169,150,802,2063,386,132,1495,76,158,8,67,27,N/A,0,0,0
4/20/2022,56,171,150,815,2087,391,136,1504,76,165,8,67,27,N/A,0,0,0
4/21/2022,57,172,151,829,2118,393,136,1508,76,166,8,67,27,N/A,0,0,0
4/22/2022,58,176,153,838,2162,397,138,1523,76,172,8,69,27,N/A,0,0,0
4/23/2022,59,177,154,854,2205,403,143,1543,76,182,8,69,27,N/A,0,0,0
4/24/2022,60,179,154,873,2238,408,147,1557,76,191,8,69,28,N/A,0,0,0
4/25/2022,61,181,154,884,2258,411,149,1566,76,201,8,69,28,Sievierodonetsk,0,0,0
4/26/2022,62,184,154,918,2308,416,149,1643,76,205,8,69,31,Sievierodonetsk,0,0,0
4/27/2022,63,185,155,939,2342,421,149,1666,76,207,8,71,31,Kurakhove and Izyum,0,0,0
4/28/2022,64,187,155,970,2389,431,151,1688,76,215,8,72,31,Zaporizhzhia and Izyum,0,0,0
4/29/2022,65,189,155,986,2418,435,151,1695,76,229,8,73,31,Izyum,0,0,0
4/30/2022,66,190,155,1008,2445,436,151,1701,76,232,8,77,32,Izyum,0,0,0
5/1/2022,67,192,155,1026,2471,451,151,0,0,245,8,80,32,Izyum,1796,84,0
5/2/2022,68,194,155,1048,2519,459,152,0,0,271,8,80,38,Izyum,1824,84,0
5/3/2022,69,194,155,1062,2567,475,162,0,0,291,10,80,38,Izyum,1843,84,0
5/4/2022,70,194,155,1077,2610,491,163,0,0,303,10,81,38,"Izyum, Novopavlivsk",1867,87,0
5/5/2022,71,196,155,1092,2651,499,169,0,0,312,10,83,38,Popasna,1907,89,0
5/6/2022,72,199,155,1110,2686,502,171,0,0,324,11,83,38,Lyman and Kurakhove,1926,90,0
5/7/2022,73,199,155,1122,2713,509,172,0,0,341,11,84,38,Slobozhanskyi,1934,90,0
5/8/2022,74,199,156,1130,2741,509,179,0,0,360,12,86,39,Novopavlivsk,1961,92,0
5/9/2022,75,199,158,1145,2764,513,185,0,0,377,12,87,41,Avdiivka,1970,94,0
5/10/2022,76,199,158,1170,2808,519,185,0,0,380,12,87,41,Avdiivka,1980,94,0
5/11/2022,77,199,160,1187,2856,528,185,0,0,390,12,87,41,"Novopavlivsk, Kurakhove and Sievierodonetsk",1997,94,0
5/12/2022,78,199,161,1195,2873,534,191,0,0,398,13,87,41,Kurakhove,2019,94,0
5/13/2022,79,200,162,1205,2900,542,193,0,0,405,13,88,41,Kurakhove,2042,95,0
5/14/2022,80,200,163,1218,2934,551,195,0,0,411,13,88,42,Kurakhove,2059,95,0
5/15/2022,81,200,164,1220,2958,555,195,0,0,416,13,89,42,Kurakhove and Avdiivka,2087,95,0
5/16/2022,82,200,165,1228,2974,577,195,0,0,427,13,89,42,Bakhmut and Zaporizhzhia,2101,97,0
5/17/2022,83,201,167,1235,3009,578,198,0,0,436,13,90,43,Lyman and Zaporizhzhia,2109,97,0
5/18/2022,84,202,167,1251,3043,586,199,0,0,441,13,91,43,"Sloviansk, Kryvyi Rih and Zaporizhzhia",2137,102,0
5/19/2022,85,203,167,1254,3063,595,199,0,0,455,13,93,43,"Sloviansk, Kryvyi Rih and Zaporizhzhia",2157,103,0
5/20/2022,86,204,168,1263,3090,596,200,0,0,460,13,93,43,Bakhmut,2162,103,0
5/21/2022,87,204,169,1278,3116,596,201,0,0,462,13,93,43,Bakhmut,2178,104,0
5/22/2022,88,204,170,1285,3141,599,201,0,0,470,13,93,43,Bakhmut,2194,107,0
5/23/2022,89,204,170,1293,3166,604,201,0,0,476,13,93,43,Bakhmut,2206,110,0
5/24/2022,90,205,170,1302,3194,606,201,0,0,480,13,93,43,Sievierodonetsk,2213,112,0
5/25/2022,91,206,170,1305,3213,606,201,0,0,491,13,93,44,Lyman,2217,112,0
5/26/2022,92,206,170,1315,3235,617,201,0,0,502,13,93,47,Avdiivka,2225,114,0
5/27/2022,93,206,170,1322,3246,623,201,0,0,503,13,93,48,Avdiivka,2226,115,0
5/28/2022,94,207,174,1330,3258,628,203,0,0,503,13,93,48,Avdiivka and Kryvyi Rih,2226,116,0
5/29/2022,95,207,174,1338,3270,631,203,0,0,504,13,93,48,Bakhmut,2240,116,0
5/30/2022,96,207,174,1349,3282,643,205,0,0,507,13,93,48,Zaporizhzhia,2258,118,0
5/31/2022,97,208,174,1358,3302,649,207,0,0,515,13,93,48,Kryvyi Rih and Zaporizhzhia,2275,120,0
6/1/2022,98,208,175,1361,3343,659,207,0,0,519,13,94,49,Kryvyi Rih and Bakhmut,2290,120,0
6/2/2022,99,210,175,1363,3354,661,207,0,0,521,13,95,51,Bakhmut,2325,120,0
6/3/2022,100,210,175,1367,3366,675,207,0,0,535,13,95,51,Bakhmut,2329,121,0
6/4/2022,101,210,175,1376,3379,680,207,0,0,540,13,95,52,Zaporizhzhia,2337,122,0
6/5/2022,102,210,175,1381,3392,686,207,0,0,548,13,95,53,Bakhmut,2360,122,0
6/6/2022,103,211,176,1386,3400,690,207,0,0,551,13,96,53,Sloviansk,2395,125,0
6/7/2022,104,212,177,1390,3416,694,207,0,0,553,13,96,53,Sloviansk,2405,125,0
6/8/2022,105,212,178,1393,3429,703,213,0,0,559,13,96,53,Sloviansk,2406,125,0
6/9/2022,106,212,178,1398,3438,711,213,0,0,562,13,96,53,Bakhmut,2421,125,0
6/10/2022,107,212,178,1409,3450,712,222,0,0,572,13,97,54,Kharkiv and Bakhmut,2438,125,0
6/11/2022,108,212,178,1419,3466,712,222,0,0,579,13,97,54,Sievierodonetsk and Bakhmut,2448,125,0
6/12/2022,109,212,178,1430,3484,715,226,0,0,582,13,97,54,Sievierodonetsk and Bakhmut,2455,125,0
6/13/2022,110,213,178,1432,3492,718,226,0,0,585,13,97,54,Bakhmut,2460,125,0
6/14/2022,111,213,179,1434,3503,721,229,0,0,588,13,97,54,Bakhmut,2473,125,0
6/15/2022,112,213,179,1440,3528,722,230,0,0,591,13,97,55,Bakhmut and Sievierodonetsk,2485,129,0
6/16/2022,113,213,179,1449,3545,729,233,0,0,591,13,97,55,Bakhmut,2494,129,0
6/17/2022,114,215,180,1456,3563,734,233,0,0,593,13,97,55,Bakhmut,2496,129,0
6/18/2022,115,216,180,1465,3573,739,233,0,0,594,14,98,55,"Sloviansk, Bakhmut and Kryvyi Rih",2513,129,0
6/19/2022,116,216,181,1468,3577,745,235,0,0,598,14,98,55,Bakhmut and Zaporizhzhia,2523,130,0
6/20/2022,117,216,181,1477,3588,749,238,0,0,601,14,98,55,Bakhmut and Zaporizhzhia,2527,130,0
6/21/2022,118,216,181,1496,3606,752,239,0,0,611,14,98,59,Bakhmut and Avdiivka,2537,137,0
6/22/2022,119,216,182,1496,3614,752,239,0,0,614,14,99,60,"Sloviansk, Bakhmut and Avdiivka",2543,137,0
6/23/2022,120,216,183,1504,3632,756,240,0,0,620,14,99,60,Bakhmut,2548,137,0
6/24/2022,121,216,183,1507,3637,759,241,0,0,622,14,99,60,Sloviansk and Bakhmut,2553,137,0
6/25/2022,122,217,184,1511,3645,764,241,0,0,626,14,99,60,Bakhmut and Kurakhove,2560,137,0
6/26/2022,123,217,184,1532,3659,764,243,0,0,630,14,99,60,Bakhmut and Kurakhove,2564,139,0
6/27/2022,124,217,184,1552,3687,771,243,0,0,636,14,101,60,Bakhmut and Kurakhove,2575,139,0
6/28/2022,125,217,185,1567,3704,778,243,0,0,636,14,102,61,Bakhmut,2589,139,0
6/29/2022,126,217,185,1572,3720,781,246,0,0,640,14,103,61,Bakhmut,2598,142,0
6/30/2022,127,217,185,1573,3726,790,246,0,0,641,14,104,61,Bakhmut,2602,143,0
7/1/2022,128,217,186,1577,3736,796,246,0,0,645,15,105,61,Bakhmut,2610,143,0
7/2/2022,129,217,186,1582,3737,800,246,0,0,653,15,105,61,Bakhmut,2614,144,0
7/3/2022,130,217,187,1584,3744,801,246,0,0,654,15,105,64,Kramatorsk and Bakhmut,2618,144,0
7/4/2022,131,217,187,1589,3744,804,246,0,0,658,15,105,65,Sloviansk and Donetsk,2629,144,0
7/5/2022,132,217,187,1594,3772,806,247,0,0,660,15,105,65,Sloviansk and Donetsk,2634,144,0
7/6/2022,133,217,187,1600,3789,806,247,0,0,664,15,107,65,Sloviansk and Donetsk,2648,153,0
7/7/2022,134,217,187,1602,3797,815,247,0,0,667,15,107,66,Avdiivka and Bakhmut,2665,155,0
7/8/2022,135,217,187,1637,3811,828,247,0,0,669,15,107,66,Kramatorsk,2685,155,0
7/9/2022,136,217,187,1638,3815,832,247,0,0,674,15,108,66,Kramatorsk,2687,155,0
7/10/2022,137,217,188,1641,3823,834,247,0,0,676,15,108,66,Kramatorsk,2694,155,0
7/11/2022,138,217,188,1645,3828,838,247,0,0,676,15,109,66,Avdiivka,2696,155,0
7/12/2022,139,217,188,1649,3829,838,247,0,0,676,15,109,66,Mykolaiv,2699,155,0
7/13/2022,140,217,188,1649,3832,839,247,0,0,678,15,109,67,Mykolaiv,2704,155,0
7/14/2022,141,219,188,1667,3832,840,247,0,0,681,15,109,67,Kramatorsk,2720,155,0
7/15/2022,142,220,188,1672,3866,842,247,0,0,681,15,109,67,Kramatorsk,2731,155,0
7/16/2022,143,220,188,1677,3874,846,247,0,0,687,15,109,68,Bakhmut,2735,162,0
7/17/2022,144,220,188,1684,3879,846,248,0,0,688,15,110,68,Bakhmut,2746,166,0
7/18/2022,145,220,188,1687,3886,849,248,0,0,690,15,113,70,Bakhmut,2753,166,0
7/19/2022,146,220,188,1691,3892,851,248,0,0,693,15,113,70,Kramatorsk,2767,167,0
7/20/2022,147,221,188,1700,3905,856,250,0,0,703,15,113,70,Bakhmut,2775,167,0
7/21/2022,148,221,188,1704,3912,859,251,0,0,710,15,113,72,Sloviansk,2781,167,0
7/22/2022,149,221,188,1704,3920,863,251,0,0,713,15,113,72,Kryvyi Rih and Bakhmut,2803,167,0
7/23/2022,150,221,188,1708,3929,864,253,0,0,714,15,113,72,"Kramatorsk, Kryvyi Rih and Bakhmut",2820,167,0
7/24/2022,151,221,188,1722,3942,869,255,0,0,714,15,113,73,Kramatorsk,2823,170,0
7/25/2022,152,222,188,1730,3950,876,257,0,0,719,15,116,73,Kramatorsk,2832,174,0
7/26/2022,153,222,189,1737,3959,880,258,0,0,722,15,117,75,Bakhmut,2835,174,0
7/27/2022,154,222,190,1738,3971,883,258,0,0,726,15,117,75,Kryvyi Rih,2847,174,0
7/28/2022,155,222,190,1742,3979,894,258,0,0,729,15,117,75,Kryvyi Rih,2854,174,0
7/29/2022,156,222,190,1749,3987,900,258,0,0,731,15,117,77,Kryvyi Rih,2870,174,0
7/30/2022,157,222,190,1759,3995,906,258,0,0,733,15,117,78,Donetsk,2889,174,0
7/31/2022,158,223,190,1763,4004,916,259,0,0,735,15,117,80,Donetsk,2902,174,0
8/1/2022,159,223,190,1768,4011,932,259,0,0,736,15,117,82,Donetsk and Kryvyi Rih,2912,174,0
8/2/2022,160,223,191,1768,4014,936,259,0,0,739,15,117,82,Bakhmut and Kryvyi Rih,2914,174,0
8/3/2022,161,223,191,1774,4022,939,259,0,0,740,15,118,83,Bakhmut and Donetsk,2922,180,0
8/4/2022,162,223,191,1789,4026,946,260,0,0,742,15,118,83,Bakhmut and Donetsk,2960,182,0
8/5/2022,163,223,191,1792,4032,950,260,0,0,742,15,123,83,Donetsk,2964,182,0
8/6/2022,164,223,191,1802,4051,955,260,0,0,744,15,127,85,Donetsk,2970,182,0
8/7/2022,165,223,191,1805,4055,958,260,0,0,750,15,132,86,Donetsk,2978,182,0
8/8/2022,166,223,192,1811,4070,960,261,0,0,754,15,132,86,Donetsk,2993,182,0
8/9/2022,167,223,193,1817,4076,964,261,0,0,757,15,133,87,Bakhmut and Donetsk,2998,185,0
8/10/2022,168,232,193,1832,4086,971,261,0,0,766,15,133,89,Donetsk,3005,185,0
8/11/2022,169,232,193,1846,4100,974,261,0,0,772,15,134,90,Donetsk,3018,185,0
8/12/2022,170,233,193,1849,4108,975,261,0,0,778,15,136,90,Donetsk,3021,185,0
8/13/2022,171,233,193,1856,4115,978,261,0,0,779,15,136,91,Bakhmut and Kryvyi Rih,3036,187,0
8/14/2022,172,233,194,1864,4126,980,261,0,0,784,15,136,91,Donetsk,3039,187,0
8/15/2022,173,233,195,1876,4141,985,261,0,0,787,15,136,92,Donetsk,3044,187,0
8/16/2022,174,233,196,1880,4152,989,263,0,0,790,15,136,92,Donetsk,3049,190,0
8/17/2022,175,233,196,1886,4162,993,263,0,0,792,15,136,93,Kharkiv and Donetsk,3054,190,0
8/18/2022,176,234,197,1889,4179,1010,265,0,0,793,15,136,93,Donetsk,3061,190,0
8/19/2022,177,234,197,1899,4195,1016,266,0,0,795,15,141,94,Donetsk,3130,190,0
8/20/2022,178,234,197,1907,4212,1018,266,0,0,803,15,141,97,Donetsk,3137,190,0
8/21/2022,179,234,197,1912,4224,1028,266,0,0,806,15,141,99,Donetsk and Mykolaiv,3143,190,0
8/22/2022,180,234,198,1919,4230,1032,266,0,0,815,15,145,99,Donetsk,3149,194,0
8/23/2022,181,234,198,1921,4238,1033,266,0,0,817,15,146,99,Donetsk,3150,196,0
8/24/2022,182,234,199,1924,4243,1036,266,0,0,819,15,147,99,Donetsk,3160,196,0
8/25/2022,183,234,202,1929,4245,1037,272,0,0,828,15,148,99,Donetsk,3160,196,0
8/26/2022,184,234,202,1936,4251,1040,272,0,0,834,15,148,99,Donetsk,3162,196,0
8/27/2022,185,234,202,1939,4254,1045,274,0,0,836,15,148,99,Donetsk,3165,196,0
8/28/2022,186,234,202,1942,4257,1050,274,0,0,838,15,148,99,Donetsk,3171,196,0
8/29/2022,187,234,203,1947,4269,1060,279,0,0,844,15,149,101,Donetsk,3188,196,0
8/30/2022,188,234,204,1954,4294,1079,282,0,0,847,15,151,103,Donetsk and Kurakhove,3217,196,0
8/31/2022,189,234,204,1974,4312,1091,285,0,0,849,15,152,103,Donetsk and Kurakhove,3236,196,0
9/1/2022,190,234,205,1997,4345,1115,287,0,0,851,15,153,104,Donetsk and Kurakhove,3239,196,0
9/2/2022,191,234,205,2009,4366,1126,289,0,0,853,15,153,105,Donetsk and Kurakhove,3247,198,0
9/3/2022,192,235,205,2034,4403,1134,293,0,0,864,15,153,105,Donetsk and Kryvyi Rih,3268,203,0
9/4/2022,193,236,206,2049,4430,1147,294,0,0,864,15,156,106,Donetsk and Kryvyi Rih,3276,203,0
9/5/2022,194,236,206,2068,4459,1157,294,0,0,867,15,156,107,Donetsk,3286,205,0
9/6/2022,195,236,207,2077,4484,1179,296,0,0,876,15,156,109,Donetsk,3305,209,0
9/7/2022,196,237,208,2097,4520,1194,300,0,0,880,15,156,109,Donetsk,3320,214,0
9/8/2022,197,239,210,2112,4557,1226,305,0,0,884,15,159,110,Donetsk,3344,214,0
9/9/2022,198,239,211,2122,4575,1237,306,0,0,888,15,159,114,Kharkiv and Donetsk,3399,214,0
9/10/2022,199,239,212,2136,4584,1259,311,0,0,898,15,162,116,Kharkiv and Donetsk,3426,215,0
9/11/2022,200,242,213,2154,4617,1263,311,0,0,902,15,162,117,Kharkiv and Donetsk,3445,216,0
9/12/2022,201,243,213,2169,4640,1263,311,0,0,903,15,162,117,Kryvyi Rih and Donetsk,3463,216,0
9/13/2022,202,244,213,2175,4662,1279,311,0,0,904,15,165,117,Kharkiv and Donetsk,3469,233,0
9/14/2022,203,246,215,2180,4665,1290,311,0,0,908,15,167,120,Kharkiv and Donetsk,3501,233,0
9/15/2022,204,250,215,2193,4682,1295,311,0,0,908,15,167,120,Kryvyi Rih and Mykolaiv,3522,233,0
9/16/2022,205,250,216,2199,4690,1302,312,0,0,908,15,168,121,Bakhmut and Donetsk,3550,233,0
9/17/2022,206,251,216,2202,4701,1306,312,0,0,911,15,168,121,N/A,3571,236,0
9/18/2022,207,251,217,2210,4718,1309,312,0,0,918,15,168,122,N/A,3578,238,0
9/19/2022,208,251,217,2212,4720,1313,312,0,0,920,15,168,125,N/A,3581,238,0
9/20/2022,209,252,217,2216,4724,1323,318,0,0,925,15,168,125,Bakhmut and Donetsk,3587,239,0
9/21/2022,210,253,217,2227,4748,1340,318,0,0,932,15,168,125,Donetsk,3610,239,0
9/22/2022,211,253,218,2236,4776,1341,318,0,0,941,15,169,125,Kramatorsk and Donetsk,3630,240,0
9/23/2022,212,254,219,2254,4796,1355,326,0,0,950,15,170,126,Kramatorsk and Donetsk,3659,240,0
9/24/2022,213,255,220,2262,4807,1361,327,0,0,956,15,170,126,Kramatorsk and Donetsk,3681,240,0
9/25/2022,214,259,220,2275,4832,1368,328,0,0,966,15,171,130,Kramatorsk and Donetsk,3701,241,0
9/26/2022,215,260,224,2290,4857,1369,330,0,0,970,15,172,131,Kramatorsk and Donetsk,3711,241,0
9/27/2022,216,261,224,2306,4881,1378,331,0,0,977,15,175,131,Kramatorsk and Donetsk,3730,241,0
9/28/2022,217,262,224,2312,4889,1381,331,0,0,989,15,175,131,Kramatorsk and Donetsk,3742,242,0
9/29/2022,218,262,224,2325,4909,1385,331,0,0,995,15,175,131,Kramatorsk and Donetsk,3751,246,0
9/30/2022,219,264,225,2338,4932,1391,333,0,0,1003,15,176,131,Kramatorsk and Donetsk,3768,246,0
10/1/2022,220,264,226,2354,4949,1397,336,0,0,1009,15,176,131,Kramatorsk and Bakhmut,3786,246,0
10/2/2022,221,264,227,2377,4975,1405,337,0,0,1015,15,176,131,Kramatorsk and Bakhmut,3796,246,0
10/3/2022,222,265,228,2380,4991,1405,338,0,0,1026,15,176,131,Kramatorsk and Bakhmut,3811,246,0
10/4/2022,223,266,228,2424,5018,1407,340,0,0,1028,15,177,131,Kramatorsk and Kryvyi Rih,3823,246,0
10/5/2022,224,266,232,2435,5038,1414,341,0,0,1032,15,177,132,Kramatorsk and Kryvyi Rih,3841,246,0
10/6/2022,225,266,232,2449,5064,1424,344,0,0,1047,15,177,134,"Kramatorsk, Avdiivka and Kryvyi Rih",3854,246,0
10/7/2022,226,266,233,2466,5093,1455,344,0,0,1067,15,177,135,Kramatorsk and Kryvyi Rih,3862,246,0
10/8/2022,227,266,234,2472,5111,1459,345,0,0,1079,15,180,136,"Donetsk, Bakhmut and Kramatorsk",3875,246,0
10/9/2022,228,266,235,2486,5133,1477,348,0,0,1086,15,180,136,N/A,3890,247,0
10/10/2022,229,267,235,2495,5149,1486,353,0,0,1097,15,181,136,Kryvyi Rih and Kramatorsk,3908,249,0
10/11/2022,230,268,235,2504,5162,1496,353,0,0,1114,15,181,136,"Bakhmut, Avdiivka and Kramatorsk",3916,295,0
10/12/2022,231,268,235,2505,5181,1507,355,0,0,1129,15,182,136,Bakhmut and Avdiivka,3927,315,0
10/13/2022,232,268,240,2511,5167,1556,357,0,0,1182,16,183,140,Kramatorsk and Kryvyi Rih,3935,316,0
10/14/2022,233,268,240,2521,5172,1566,362,0,0,1199,16,186,142,Kramatorsk and Bakhmut,3944,316,0
10/15/2022,234,268,242,2524,5179,1582,365,0,0,1210,16,186,142,N/A,3951,316,0
10/16/2022,235,268,242,2529,5193,1589,365,0,0,1224,16,186,143,Kryvyi Rih and Bakhmut,3959,316,0
10/17/2022,236,268,242,2537,5205,1599,366,0,0,1241,16,187,144,Bakhmut and Avdiivka,3969,316,0
10/18/2022,237,268,242,2548,5219,1622,372,0,0,1276,16,188,144,N/A,3985,318,0
10/19/2022,238,269,242,2554,5235,1637,372,0,0,1286,16,189,146,Bakhmut and Kramatorsk,3999,323,0
10/20/2022,239,269,243,2567,5255,1646,372,0,0,1311,16,189,147,N/A,4005,329,0
10/21/2022,240,269,243,2573,5258,1648,372,0,0,1325,16,189,147,N/A,4006,329,0
10/22/2022,241,270,243,2579,5266,1653,373,0,0,1341,16,189,148,N/A,4021,329,0
10/23/2022,242,270,245,2584,5284,1667,374,0,0,1361,16,189,148,N/A,4039,350,0
10/24/2022,243,270,245,2590,5295,1673,375,0,0,1370,16,189,149,N/A,4044,350,0
10/25/2022,244,271,248,2611,5321,1674,377,0,0,1372,16,190,149,N/A,4054,350,0
10/26/2022,245,271,248,2628,5351,1686,379,0,0,1379,16,192,149,N/A,4076,350,0
10/27/2022,246,271,249,2631,5364,1690,379,0,0,1398,16,192,150,N/A,4078,351,0
10/28/2022,247,272,251,2640,5378,1698,379,0,0,1401,16,192,151,N/A,4088,351,0
10/29/2022,248,273,252,2659,5401,1708,380,0,0,1406,16,195,152,N/A,4107,351,0
10/30/2022,249,274,252,2672,5453,1724,383,0,0,1412,16,197,154,Donetsk and Lyman,4120,352,0
10/31/2022,250,275,253,2686,5485,1728,383,0,0,1413,16,197,154,Avdiivka and Lyman,4128,352,0
11/1/2022,251,276,257,2698,5501,1730,383,0,0,1415,16,197,154,Avdiivka and Bakhmut,4143,397,0
11/2/2022,252,277,258,2714,5525,1733,387,0,0,1438,16,198,154,Avdiivka and Lyman,4153,397,0
11/3/2022,253,277,258,2734,5552,1755,390,0,0,1442,16,198,155,N/A,4162,397,0
11/4/2022,254,277,258,2750,5580,1772,391,0,0,1450,16,201,155,Lyman and Avdiivka,4174,397,0
11/5/2022,255,277,260,2758,5601,1776,391,0,0,1462,16,202,155,Lyman and Avdiivka,4184,399,0
11/6/2022,256,277,260,2765,5611,1781,391,0,0,1465,16,202,155,Lyman and Avdiivka,4191,399,0
11/7/2022,257,277,260,2771,5630,1782,391,0,0,1472,16,202,157,"Lyman, Bakhmut and Avdiivka",4199,399,0
11/8/2022,258,278,260,2786,5654,1791,391,0,0,1476,16,203,159,Bakhmut and Avdiivka,4216,399,0
11/9/2022,259,278,260,2801,5666,1802,393,0,0,1483,16,205,159,Bakhmut and Avdiivka,4227,399,0
11/10/2022,260,278,260,2804,5682,1805,393,0,0,1499,16,205,159,Lyman and Avdiivka,4242,399,0
11/11/2022,261,278,261,2814,5696,1817,393,0,0,1505,16,205,159,Bakhmut,4259,399,0
11/12/2022,262,278,261,2838,5730,1829,393,0,0,1506,16,205,160,N/A,4279,399,0
11/13/2022,263,278,261,2840,5742,1837,393,0,0,1507,16,206,160,N/A,4295,399,0
11/14/2022,264,278,261,2848,5748,1839,393,0,0,1509,16,206,160,N/A,4316,399,0
11/15/2022,265,278,261,2861,5773,1850,393,0,0,1511,16,208,160,N/A,4351,399,0
11/16/2022,266,278,261,2871,5797,1860,393,0,0,1525,16,209,160,"Lyman, Avdiivka and Bakhmut",4360,474,0
11/17/2022,267,278,261,2878,5804,1860,393,0,0,1531,16,209,160,N/A,4362,474,0
11/18/2022,268,278,261,2879,5808,1865,393,0,0,1536,16,209,161,Lyman and Avdiivka,4366,480,0
11/19/2022,269,278,261,2885,5815,1867,393,0,0,1536,16,209,161,N/A,4368,480,0
11/20/2022,270,278,261,2886,5817,1868,393,0,0,1537,16,209,161,N/A,4371,480,0
11/21/2022,271,278,261,2892,5822,1870,393,0,0,1537,16,209,161,N/A,4378,480,0
11/22/2022,272,278,261,2895,5827,1882,395,0,0,1537,16,209,161,Bakhmut and Lyman,4393,480,0
11/23/2022,273,278,261,2897,5832,1887,395,0,0,1537,16,209,161,"Avdiivka, Bakhmut and Lyman",4396,480,0
11/24/2022,274,278,261,2898,5837,1889,395,0,0,1547,16,209,161,"Avdiivka, Bakhmut and Lyman",4400,531,0
11/25/2022,275,278,261,2899,5844,1895,395,0,0,1553,16,209,163,Bakhmut and Lyman,4404,531,0
11/26/2022,276,278,261,2901,5848,1896,395,0,0,1554,16,209,163,N/A,4406,531,0
11/27/2022,277,278,261,2905,5856,1897,395,0,0,1555,16,209,163,"Bakhmut, Lyman and Avdiivka",4412,531,0
11/28/2022,278,278,261,2908,5861,1899,395,0,0,1555,16,209,163,N/A,4416,531,0
11/29/2022,279,280,261,2911,5866,1901,395,0,0,1555,16,209,163,N/A,4423,531,0
11/30/2022,280,280,261,2914,5872,1902,395,0,0,1562,16,210,163,N/A,4429,531,0
12/1/2022,281,280,261,2915,5877,1904,395,0,0,1562,16,210,163,N/A,4441,531,0
12/2/2022,282,280,262,2916,5883,1905,395,0,0,1564,16,210,163,Bakhmut and Avdiivka,4464,531,0
12/3/2022,283,280,263,2917,5886,1906,395,0,0,1572,16,210,163,N/A,4472,531,0
12/4/2022,284,281,263,2922,5892,1908,395,0,0,1573,16,210,163,Bakhmut and Lyman,4479,531,0
12/5/2022,285,281,264,2924,5900,1914,395,0,0,1582,16,211,163,Bakhmut and Lyman,4497,531,0
12/6/2022,286,281,264,2929,5905,1915,395,0,0,1587,16,211,163,N/A,4505,592,0
12/7/2022,287,281,264,2935,5909,1923,395,0,0,1601,16,211,163,N/A,4526,592,0
12/8/2022,288,281,264,2937,5911,1925,395,0,0,1603,16,211,164,N/A,4528,592,0
12/9/2022,289,281,264,2937,5912,1926,395,0,0,1603,16,211,164,N/A,4531,592,0
12/10/2022,290,281,264,2940,5917,1927,397,0,0,1603,16,211,167,Bakhmut and Lyman,4535,592,0
12/11/2022,291,281,264,2942,5920,1928,397,0,0,1613,16,211,167,N/A,4540,592,0
12/12/2022,292,281,264,2966,5928,1929,397,0,0,1617,16,211,169,N/A,4544,592,0
12/13/2022,293,281,264,2966,5930,1931,404,0,0,1617,16,211,170,N/A,4549,592,0
12/14/2022,294,281,264,2970,5937,1931,404,0,0,1617,16,211,171,N/A,4562,592,0
12/15/2022,295,281,264,2975,5946,1943,406,0,0,1644,16,211,172,N/A,4563,592,0
12/16/2022,296,281,264,2980,5952,1946,410,0,0,1648,16,211,172,N/A,4563,592,0
12/17/2022,297,281,264,2985,5958,1947,410,0,0,1648,16,211,174,N/A,4577,653,0
12/18/2022,298,281,264,2987,5963,1948,410,0,0,1649,16,211,174,Lyman and Bakhmut,4579,653,0
12/19/2022,299,281,264,2988,5969,1953,410,0,0,1657,16,212,175,N/A,4592,653,0
12/20/2022,300,281,266,2995,5974,1960,410,0,0,1680,16,212,177,N/A,4599,653,0
12/21/2022,301,282,267,3002,5979,1972,412,0,0,1688,16,212,178,N/A,4608,653,0
12/22/2022,302,283,267,3002,5981,1978,413,0,0,1693,16,212,178,N/A,4615,653,0
12/23/2022,303,283,267,3005,5986,1984,414,0,0,1698,16,212,178,N/A,4622,653,0
12/24/2022,304,283,267,3006,5994,1988,418,0,0,1706,16,212,178,"Kupiansk, Avdiivka and Bakhmut",4627,653,0
12/25/2022,305,283,267,3011,6010,1991,418,0,0,1706,16,212,178,N/A,4635,653,0
12/26/2022,306,283,267,3016,6017,1996,418,0,0,1707,16,212,178,"Kupiansk, Avdiivka and Bakhmut",4647,653,0
12/27/2022,307,283,267,3016,6024,1998,418,0,0,1707,16,212,179,Bakhmut and Lyman,4652,653,0
12/28/2022,308,283,267,3017,6037,1999,418,0,0,1707,16,212,179,N/A,4660,653,0
12/29/2022,309,283,268,3018,6047,2004,423,0,0,1717,16,212,179,Lyman and Bakhmut,4675,653,0
12/30/2022,310,283,268,3026,6059,2010,423,0,0,1740,16,212,180,Lyman and Bakhmut,4683,711,0
12/31/2022,311,283,269,3029,6075,2016,423,0,0,1746,16,213,180,N/A,4707,711,0
1/1/2023,312,283,269,3031,6084,2021,423,0,0,1792,16,213,181,Lyman and Bakhmut,4720,723,0
1/2/2023,313,283,269,3031,6093,2027,423,0,0,1836,16,213,181,"Lyman, Bakhmut and Avdiivka",4725,723,0
1/3/2023,314,283,270,3036,6100,2033,424,0,0,1839,16,214,181,N/A,4735,723,0
1/4/2023,315,283,270,3038,6106,2039,424,0,0,1842,16,215,181,N/A,4745,723,0
1/5/2023,316,284,271,3041,6108,2051,426,0,0,1844,16,215,182,N/A,4759,723,0
1/6/2023,317,285,272,3064,6124,2059,431,0,0,1844,16,215,182,N/A,4797,723,0
1/7/2023,318,285,272,3066,6125,2062,431,0,0,1844,16,217,182,N/A,4798,723,0
1/8/2023,319,285,272,3069,6130,2065,431,0,0,1849,16,217,183,N/A,4801,723,0
1/9/2023,320,285,275,3080,6147,2069,434,0,0,1856,16,217,183,N/A,4809,723,0
1/10/2023,321,285,275,3084,6154,2073,434,0,0,1860,17,217,183,N/A,4817,723,0
1/11/2023,322,285,275,3094,6159,2078,437,0,0,1862,17,217,184,N/A,4826,723,0
1/12/2023,323,285,276,3094,6159,2082,437,0,0,1865,17,218,184,N/A,4826,723,0
1/13/2023,324,286,276,3098,6167,2086,437,0,0,1865,17,218,184,N/A,4833,723,0
1/14/2023,325,286,276,3104,6173,2090,437,0,0,1867,17,219,186,N/A,4846,723,0
1/15/2023,326,286,276,3106,6183,2094,437,0,0,1872,17,219,187,N/A,4846,749,0
1/16/2023,327,286,276,3118,6204,2099,438,0,0,1872,17,220,190,N/A,4870,749,0
1/17/2023,328,286,276,3121,6215,2104,441,0,0,1872,17,220,190,N/A,4877,749,0
1/18/2023,329,287,276,3130,6215,2108,442,0,0,1876,17,220,190,N/A,4889,749,0
1/19/2023,330,287,277,3136,6235,2122,442,0,0,1882,17,220,190,N/A,4896,749,0
1/20/2023,331,287,277,3139,6241,2129,442,0,0,1886,17,220,190,N/A,4903,749,0
1/21/2023,332,287,277,3140,6256,2135,443,0,0,1891,17,220,193,N/A,4918,749,0
1/22/2023,333,287,277,3145,6268,2144,445,0,0,1892,17,220,193,N/A,4932,749,0
1/23/2023,334,287,277,3150,6276,2146,447,0,0,1894,18,220,193,N/A,4936,749,0
1/24/2023,335,289,281,3152,6284,2148,448,0,0,1897,18,220,194,N/A,4944,749,0
1/25/2023,336,290,281,3161,6307,2154,450,0,0,1902,18,220,194,N/A,4967,749,0
1/26/2023,337,292,282,3175,6334,2169,452,0,0,1908,18,220,195,N/A,4986,749,0
1/27/2023,338,292,283,3182,6340,2180,452,0,0,1941,18,221,199,N/A,5001,796,0
1/28/2023,339,293,284,3189,6344,2188,453,0,0,1947,18,221,199,N/A,5027,796,0
1/29/2023,340,293,284,3197,6366,2195,453,0,0,1947,18,221,199,N/A,5037,796,0
1/30/2023,341,293,284,3201,6369,2196,453,0,0,1947,18,221,199,N/A,5041,796,0
1/31/2023,342,293,284,3201,6378,2197,454,0,0,1951,18,221,200,N/A,5048,796,0
2/1/2023,343,293,284,3209,6382,2207,458,0,0,1951,18,221,200,N/A,5061,796,0
2/2/2023,344,293,284,3211,6382,2212,458,0,0,1951,18,222,200,N/A,5064,796,0
2/3/2023,345,294,284,3215,6388,2215,460,0,0,1952,18,222,202,N/A,5068,796,0
2/4/2023,346,294,284,3218,6394,2220,460,0,0,1956,18,225,203,N/A,5081,796,0
2/5/2023,347,294,284,3220,6405,2226,460,0,0,1958,18,227,203,N/A,5091,796,0
2/6/2023,348,294,284,3231,6415,2231,461,0,0,1958,18,227,203,N/A,5104,796,0
2/7/2023,349,294,284,3245,6443,2232,461,0,0,1958,18,227,208,N/A,5107,796,0
2/8/2023,350,295,285,3253,6458,2236,461,0,0,1961,18,228,211,N/A,5112,796,0
2/9/2023,351,295,285,3255,6468,2244,463,0,0,1967,18,232,211,N/A,5121,796,0
2/10/2023,352,295,286,3258,6471,2251,463,0,0,1970,18,233,211,N/A,5126,796,0
2/11/2023,353,295,286,3267,6474,2270,463,0,0,1997,18,234,214,N/A,5134,857,0
2/12/2023,354,296,286,3280,6488,2287,465,0,0,2007,18,234,215,N/A,5148,857,0
2/13/2023,355,296,286,3283,6492,2290,465,0,0,2007,18,234,217,N/A,5150,857,0
2/14/2023,356,298,286,3286,6500,2299,466,0,0,2011,18,234,218,N/A,5155,857,0
2/15/2023,357,298,286,3290,6507,2303,466,0,0,2011,18,236,219,N/A,5161,857,0
2/16/2023,358,298,287,3296,6517,2306,466,0,0,2012,18,239,219,N/A,5167,857,0
2/17/2023,359,298,287,3298,6520,2322,467,0,0,2013,18,241,221,N/A,5187,871,0
2/18/2023,360,298,287,3303,6533,2326,469,0,0,2016,18,243,223,N/A,5196,871,0
2/19/2023,361,298,287,3310,6545,2327,469,0,0,2016,18,243,224,N/A,5196,873,0
2/20/2023,362,299,287,3316,6553,2334,471,0,0,2018,18,243,225,N/A,5209,873,0
2/21/2023,363,299,287,3326,6562,2338,471,0,0,2023,18,243,226,N/A,5210,873,0
2/22/2023,364,299,287,3334,6569,2345,471,0,0,2026,18,243,226,N/A,5212,873,0
2/23/2023,365,299,287,3350,6593,2352,471,0,0,2029,18,244,228,N/A,5215,873,0
2/24/2023,366,299,287,3363,6600,2363,474,0,0,2033,18,247,229,N/A,5224,873,0
2/25/2023,367,299,288,3375,6609,2373,475,0,0,2035,18,247,230,N/A,5235,873,0
2/26/2023,368,299,288,3381,6615,2380,475,0,0,2037,18,247,230,N/A,5242,873,0
2/27/2023,369,300,288,3385,6621,2380,475,0,0,2048,18,247,230,N/A,5248,873,0
2/28/2023,370,300,288,3388,6630,2383,478,0,0,2051,18,247,230,N/A,5252,873,0
3/1/2023,371,300,288,3395,6638,2393,479,0,0,2055,18,247,230,N/A,5257,873,0
3/2/2023,372,300,288,3397,6658,2398,480,0,0,2058,18,247,230,N/A,5264,873,0
3/3/2023,373,301,289,3405,6673,2402,484,0,0,2061,18,247,230,N/A,5281,873,0
3/4/2023,374,302,289,3409,6683,2414,487,0,0,2066,18,247,230,N/A,5289,873,0
3/5/2023,375,302,289,3414,6692,2426,488,0,0,2071,18,248,232,N/A,5299,873,0
3/6/2023,376,302,289,3423,6703,2433,488,0,0,2086,18,250,234,N/A,5307,873,0
3/7/2023,377,303,289,3432,6714,2456,488,0,0,2095,18,253,236,N/A,5323,873,0
3/8/2023,378,303,289,3436,6723,2463,488,0,0,2098,18,253,236,N/A,5330,873,0
3/9/2023,379,303,289,3441,6736,2465,488,0,0,2098,18,254,237,N/A,5331,873,0
3/10/2023,380,304,289,3448,6742,2475,491,0,0,2107,18,256,240,N/A,5337,907,0
3/11/2023,381,304,289,3458,6762,2483,493,0,0,2108,18,257,242,N/A,5344,907,0
3/12/2023,382,304,289,3466,6769,2487,493,0,0,2108,18,259,242,N/A,5348,907,0
3/13/2023,383,304,289,3474,6774,2503,493,0,0,2109,18,259,251,N/A,5354,907,0
3/14/2023,384,304,289,3484,6789,2519,495,0,0,2120,18,260,256,N/A,5367,907,0
3/15/2023,385,304,289,3492,6799,2528,502,0,0,2132,18,262,257,N/A,5377,907,0
3/16/2023,386,305,289,3504,6810,2539,503,0,0,2145,18,265,257,N/A,5394,907,0
3/17/2023,387,305,290,3506,6823,2552,504,0,0,2145,18,265,258,N/A,5401,907,0
3/18/2023,388,305,290,3511,6830,2560,506,0,0,2159,18,265,259,N/A,5404,907,0
3/19/2023,389,305,290,3532,6853,2568,507,0,0,2159,18,268,262,N/A,5408,907,0
3/20/2023,390,305,290,3537,6869,2577,507,0,0,2160,18,270,265,N/A,5416,907,0
3/21/2023,391,305,290,3552,6879,2586,507,0,0,2167,18,270,266,N/A,5428,907,0
3/22/2023,392,305,290,3557,6887,2589,509,0,0,2183,18,272,270,N/A,5434,909,0
3/23/2023,393,305,290,3570,6898,2608,511,0,0,2203,18,273,273,N/A,5452,909,0
3/24/2023,394,305,290,3574,6921,2616,511,0,0,2208,18,276,277,N/A,5464,911,0
3/25/2023,395,305,291,3580,6932,2623,520,0,0,2214,18,276,279,N/A,5483,911,0
3/26/2023,396,305,291,3595,6947,2631,522,0,0,2216,18,277,282,N/A,5486,911,0
3/27/2023,397,305,291,3595,6953,2638,523,0,0,2216,18,277,285,N/A,5493,911,0
3/28/2023,398,305,291,3602,6966,2653,525,0,0,2235,18,277,287,N/A,5502,911,0
3/29/2023,399,306,291,3609,6966,2659,526,0,0,2239,18,277,288,N/A,5507,911,0
3/30/2023,400,306,291,3610,6974,2671,526,0,0,2239,18,278,291,N/A,5518,911,0
3/31/2023,401,306,291,3615,6977,2675,526,0,0,2248,18,278,294,N/A,5521,911,0
4/1/2023,402,306,291,3616,6981,2683,527,0,0,2248,18,279,296,N/A,5528,911,0
4/2/2023,403,306,291,3618,6986,2687,527,0,0,2249,18,279,296,N/A,5537,911,0
4/3/2023,404,306,291,3619,6993,2694,527,0,0,2262,18,280,298,N/A,5553,911,0
4/4/2023,405,306,291,3627,6999,2697,528,0,0,2277,18,280,298,N/A,5562,911,0
4/5/2023,406,306,291,3629,7005,2707,532,0,0,2283,18,280,299,N/A,5573,911,0
4/6/2023,407,306,292,3631,7013,2714,532,0,0,2287,18,281,302,N/A,5574,911,0
4/7/2023,408,306,292,3633,7016,2722,533,0,0,2291,18,281,304,N/A,5587,911,0
4/8/2023,409,307,292,3636,7020,2727,533,0,0,2298,18,282,304,N/A,5599,911,0
4/9/2023,410,307,292,3636,7024,2740,533,0,0,2312,18,282,309,N/A,5602,911,0
4/10/2023,411,307,292,3637,7028,2750,534,0,0,2323,18,282,311,N/A,5607,911,0
4/11/2023,412,307,293,3644,7038,2765,535,0,0,2332,18,282,316,N/A,5620,911,0
4/12/2023,413,307,293,3646,7043,2770,535,0,0,2334,18,282,319,N/A,5630,911,0
4/13/2023,414,307,293,3646,7053,2777,535,0,0,2339,18,283,320,N/A,5637,911,0
4/14/2023,415,307,293,3650,7069,2784,535,0,0,2339,18,283,321,N/A,5640,911,0
4/15/2023,416,307,293,3653,7073,2785,535,0,0,2339,18,283,324,N/A,5646,911,0
4/16/2023,417,308,293,3657,7083,2795,538,0,0,2339,18,284,326,N/A,5658,911,0
4/17/2023,418,308,293,3660,7087,2804,538,0,0,2347,18,285,328,N/A,5672,911,0
4/18/2023,419,308,293,3661,7098,2810,538,0,0,2353,18,285,330,N/A,5676,911,0
4/19/2023,420,308,293,3665,7110,2819,538,0,0,2376,18,285,330,N/A,5692,911,0
4/20/2023,421,308,293,3667,7120,2825,539,0,0,2386,18,285,332,N/A,5707,911,0
4/21/2023,422,308,293,3668,7126,2827,539,0,0,2394,18,285,334,N/A,5713,911,0
4/22/2023,423,308,293,3672,7130,2832,539,0,0,2398,18,289,337,N/A,5718,911,0
4/23/2023,424,308,294,3675,7131,2837,539,0,0,2402,18,289,339,N/A,5730,911,0
4/24/2023,425,308,294,3683,7139,2849,539,0,0,2413,18,289,339,N/A,5753,911,0
4/25/2023,426,308,294,3688,7151,2863,539,0,0,2437,18,291,345,N/A,5784,911,0
4/26/2023,427,308,294,3692,7162,2877,539,0,0,2440,18,292,352,N/A,5792,911,0
4/27/2023,428,308,294,3694,7178,2887,542,0,0,2461,18,293,352,N/A,5805,911,0
4/28/2023,429,308,294,3694,7181,2905,543,0,0,2467,18,294,353,N/A,5819,911,0
4/29/2023,430,308,294,3697,7184,2908,543,0,0,2471,18,294,355,N/A,5836,932,0
4/30/2023,431,308,294,3699,7189,2914,544,0,0,2475,18,295,357,N/A,5842,932,0
5/1/2023,432,308,294,3700,7192,2921,544,0,0,2476,18,295,359,N/A,5845,932,0
5/2/2023,433,308,294,3701,7193,2930,544,0,0,2477,18,298,360,N/A,5851,947,0
5/3/2023,434,308,294,3702,7199,2946,544,0,0,2505,18,300,363,N/A,5865,947,0
5/4/2023,435,308,294,3707,7216,2962,547,0,0,2523,18,304,370,N/A,5886,947,0
5/5/2023,436,308,294,3710,7224,2978,550,0,0,2540,18,304,373,N/A,5916,947,0
5/6/2023,437,308,294,3717,7238,2992,552,0,0,2554,18,306,375,N/A,5936,947,0
5/7/2023,438,308,294,3723,7248,3010,554,0,0,2572,18,306,380,N/A,5952,947,0
5/8/2023,439,308,294,3730,7253,3018,554,0,0,2614,18,306,384,N/A,5958,947,0
5/9/2023,440,308,294,3734,7257,3031,554,0,0,2618,18,307,388,N/A,5969,955,0
5/10/2023,441,308,294,3736,7275,3039,555,0,0,2624,18,308,389,N/A,5974,970,0
5/11/2023,442,308,294,3740,7287,3053,557,0,0,2627,18,310,391,N/A,5984,970,0
5/12/2023,443,308,294,3745,7295,3068,559,0,0,2636,18,312,393,N/A,5996,970,0
5/13/2023,444,308,294,3751,7307,3095,561,0,0,2665,18,314,402,N/A,6011,970,0
5/14/2023,445,308,294,3756,7325,3116,562,0,0,2696,18,314,404,N/A,6018,970,0
5/15/2023,446,308,294,3759,7336,3137,562,0,0,2720,18,316,407,N/A,6034,973,0
5/16/2023,447,308,294,3762,7348,3150,562,0,0,2732,18,316,410,N/A,6048,973,0
5/17/2023,448,308,294,3771,7365,3166,562,0,0,2748,18,318,417,N/A,6067,982,0
5/18/2023,449,308,294,3773,7373,3198,563,0,0,2759,18,318,418,N/A,6073,990,0
5/19/2023,450,308,294,3777,7377,3210,564,0,0,2769,18,319,419,N/A,6083,1011,0
5/20/2023,451,308,294,3781,7382,3229,564,0,0,2801,18,325,423,N/A,6103,1011,0
5/21/2023,452,308,294,3783,7398,3258,564,0,0,2822,18,327,425,N/A,6115,1011,0
5/22/2023,453,309,294,3785,7407,3278,565,0,0,2830,18,327,427,N/A,6129,1011,0
5/23/2023,454,309,295,3789,7419,3318,565,0,0,2864,18,327,433,N/A,6139,1015,0
5/24/2023,455,309,296,3792,7424,3339,570,0,0,2871,18,327,440,N/A,6146,1015,0
5/25/2023,456,309,296,3795,7432,3359,570,0,0,2907,18,327,444,N/A,6148,1015,0
5/26/2023,457,310,296,3796,7435,3384,570,0,0,2910,18,328,446,N/A,6161,1015,0
5/27/2023,458,310,296,3799,7442,3406,572,0,0,2941,18,329,449,N/A,6172,1025,0
5/28/2023,459,313,298,3797,7456,3425,574,0,0,2993,18,329,451,N/A,6192,1056,0
5/29/2023,460,313,298,3801,7467,3435,575,0,0,3054,18,331,453,N/A,6207,1056,0
5/30/2023,461,313,298,3802,7469,3445,575,0,0,3092,18,332,454,N/A,6219,1107,0
5/31/2023,462,313,298,3802,7472,3460,575,0,0,3124,18,333,454,N/A,6230,1107,0
6/1/2023,463,313,298,3804,7478,3474,575,0,0,3131,18,333,458,N/A,6239,1107,0
6/2/2023,464,313,298,3819,7490,3501,575,0,0,3137,18,335,465,N/A,6267,1117,0
6/3/2023,465,313,298,3829,7502,3533,582,0,0,3165,18,342,475,N/A,6289,1132,0
6/4/2023,466,313,298,3837,7512,3555,583,0,0,3175,18,344,479,N/A,6305,1132,0
6/5/2023,467,313,298,3848,7523,3567,584,0,0,3189,18,349,484,N/A,6312,1136,0
6/6/2023,468,313,299,3860,7543,3603,590,0,0,3212,18,351,489,N/A,6332,1171,0
6/7/2023,469,314,299,3873,7560,3640,594,0,0,3219,18,352,492,N/A,6349,1171,0
6/8/2023,470,314,299,3891,7576,3668,595,0,0,3234,18,355,500,N/A,6384,1171,0
6/9/2023,471,314,299,3901,7600,3702,599,0,0,3247,18,359,502,N/A,6410,1171,0
6/10/2023,472,314,299,3909,7607,3717,600,0,0,3263,18,362,507,N/A,6428,1176,0
6/11/2023,473,314,299,3926,7631,3736,601,0,0,3300,18,362,509,N/A,6461,1183,0
6/12/2023,474,314,299,3931,7636,3746,601,0,0,3307,18,362,510,N/A,6471,1183,0
6/13/2023,475,314,300,3935,7642,3766,601,0,0,3309,18,363,511,N/A,6473,1183,0
6/14/2023,476,314,300,3943,7653,3783,603,0,0,3324,18,364,516,N/A,6482,1196,0
6/15/2023,477,314,301,3955,7667,3793,604,0,0,3333,18,364,519,N/A,6506,1199,0
6/16/2023,478,314,301,3965,7683,3812,606,0,0,3357,18,364,519,N/A,6519,1199,0
6/17/2023,479,314,302,3977,7706,3834,609,0,0,3364,18,364,520,N/A,6557,1211,0
6/18/2023,480,314,304,3984,7729,3847,610,0,0,3371,18,364,522,N/A,6571,1211,0
6/19/2023,481,314,305,3989,7735,3865,610,0,0,3383,18,370,526,N/A,6613,1211,0
6/20/2023,482,314,306,3997,7750,3888,614,0,0,3393,18,372,531,N/A,6645,1214,0
6/21/2023,483,314,306,4006,7771,3920,615,0,0,3428,18,375,539,N/A,6667,1214,0
6/22/2023,484,314,307,4013,7783,3941,617,0,0,3438,18,376,539,N/A,6678,1214,0
6/23/2023,485,314,307,4017,7798,3985,617,0,0,3447,18,379,545,N/A,6708,1214,0
6/24/2023,486,314,308,4024,7804,4015,619,0,0,3460,18,383,548,N/A,6731,1228,0
6/25/2023,487,314,308,4030,7806,4034,624,0,0,3472,18,385,552,N/A,6735,1259,0
6/26/2023,488,314,308,4031,7820,4055,624,0,0,3482,18,385,557,N/A,6751,1259,0
6/27/2023,489,314,308,4036,7834,4083,626,0,0,3492,18,386,563,N/A,6772,1261,0
6/28/2023,490,314,308,4036,7847,4089,627,0,0,3499,18,387,563,N/A,6774,1261,0
6/29/2023,491,315,308,4038,7857,4116,627,0,0,3513,18,388,569,N/A,6780,1261,0
6/30/2023,492,315,308,4041,7863,4127,630,0,0,3519,18,389,569,N/A,6785,1261,0
7/1/2023,493,315,308,4042,7868,4162,632,0,0,3545,18,389,580,N/A,6794,1261,0
7/2/2023,494,315,308,4052,7888,4188,637,0,0,3557,18,390,583,N/A,6816,1261,0
7/3/2023,495,315,309,4057,7899,4220,641,0,0,3573,18,391,590,N/A,6834,1264,0
7/4/2023,496,315,309,4059,7908,4252,647,0,0,3602,18,394,590,N/A,6843,1264,0
7/5/2023,497,315,309,4062,7917,4288,656,0,0,3614,18,395,598,N/A,6865,1264,0
7/6/2023,498,315,309,4068,7932,4310,657,0,0,3635,18,404,605,N/A,6888,1264,0
7/7/2023,499,315,309,4070,7944,4330,658,0,0,3652,18,408,612,N/A,6898,1271,0
7/8/2023,500,315,309,4074,7953,4346,661,0,0,3666,18,410,619,N/A,6914,1271,0
7/9/2023,501,315,309,4078,7964,4366,668,0,0,3685,18,413,628,N/A,6929,1271,0
7/10/2023,502,315,309,4085,7966,4371,668,0,0,3686,18,414,632,N/A,6937,1271,0
7/11/2023,503,315,310,4089,7983,4385,672,0,0,3693,18,414,640,N/A,6966,1271,0
7/12/2023,504,315,310,4090,7990,4402,674,0,0,3726,18,415,647,N/A,6978,1271,0
7/13/2023,505,315,310,4092,7999,4425,678,0,0,3752,18,421,652,N/A,6995,1271,0
7/14/2023,506,315,310,4097,8008,4449,680,0,0,3783,18,423,662,N/A,7019,1273,0
7/15/2023,507,315,310,4102,8019,4463,680,0,0,3807,18,425,664,N/A,7036,1273,0
7/16/2023,508,315,310,4107,8026,4481,681,0,0,3820,18,425,666,N/A,7044,1273,0
7/17/2023,509,315,310,4115,8034,4504,685,0,0,3828,18,428,677,N/A,7059,1273,0
7/18/2023,510,315,310,4119,8051,4542,689,0,0,3839,18,428,677,N/A,7086,1273,0
7/19/2023,511,315,310,4123,8059,4573,689,0,0,3885,18,430,683,N/A,7105,1279,0
7/20/2023,512,315,310,4129,8065,4592,692,0,0,3918,18,433,685,N/A,7134,1293,0
7/21/2023,513,315,310,4133,8080,4610,692,0,0,3933,18,440,686,N/A,7145,1298,0
7/22/2023,514,315,310,4140,8096,4629,693,0,0,3944,18,448,691,N/A,7159,1298,0
7/23/2023,515,315,310,4151,8105,4658,697,0,0,3958,18,451,696,N/A,7172,1298,0
7/24/2023,516,315,310,4162,8118,4675,697,0,0,3963,18,452,698,N/A,7182,1307,0
7/25/2023,517,315,310,4174,8131,4705,698,0,0,3977,18,454,703,N/A,7194,1307,0
7/26/2023,518,315,311,4177,8136,4727,698,0,0,3993,18,457,708,N/A,7211,1307,0
7/27/2023,519,315,311,4186,8147,4745,698,0,0,3996,18,457,708,N/A,7229,1347,0
7/28/2023,520,315,311,4190,8161,4775,698,0,0,4007,18,458,709,N/A,7240,1347,0
7/29/2023,521,315,311,4191,8167,4786,698,0,0,4007,18,458,710,N/A,7247,1347,0
7/30/2023,522,315,311,4205,8178,4795,698,0,0,4011,18,459,711,N/A,7275,1347,0
7/31/2023,523,315,311,4211,8188,4816,699,0,0,4017,18,460,715,N/A,7292,1347,0
8/1/2023,524,315,311,4216,8205,4839,699,0,0,4027,18,462,718,N/A,7324,1347,0
8/2/2023,525,315,311,4217,8213,4866,700,0,0,4042,18,463,718,N/A,7349,1347,0
8/3/2023,526,315,311,4224,8234,4892,704,0,0,4077,18,465,721,N/A,7372,1347,0
8/4/2023,527,315,311,4228,8249,4911,704,0,0,4104,18,466,724,N/A,7392,1347,0
8/5/2023,528,315,311,4232,8251,4943,704,0,0,4116,18,466,730,N/A,7422,1347,0
8/6/2023,529,315,311,4237,8262,4965,705,0,0,4126,18,466,734,N/A,7441,1359,0
8/7/2023,530,315,311,4244,8270,4977,709,0,0,4154,18,467,735,N/A,7451,1377,0
8/8/2023,531,315,312,4254,8278,4996,709,0,0,4158,18,468,737,N/A,7460,1377,0
8/9/2023,532,315,312,4262,8290,5013,711,0,0,4175,18,469,742,N/A,7479,1377,0
8/10/2023,533,315,313,4278,8303,5028,711,0,0,4179,18,469,746,N/A,7495,1377,0
8/11/2023,534,315,313,4290,8318,5043,713,0,0,4197,18,471,756,N/A,7511,1377,0
8/12/2023,535,315,313,4295,8324,5053,713,0,0,4201,18,472,759,N/A,7523,1378,0
8/13/2023,536,315,313,4298,8335,5072,713,0,0,4204,18,477,760,N/A,7543,1379,0
8/14/2023,537,315,313,4306,8354,5099,714,0,0,4213,18,479,766,N/A,7562,1379,0
8/15/2023,538,315,314,4313,8370,5128,714,0,0,4242,18,482,769,N/A,7584,1387,0
8/16/2023,539,315,314,4324,8380,5152,714,0,0,4248,18,485,773,N/A,7614,1404,0
8/17/2023,540,315,314,4329,8398,5169,714,0,0,4272,18,486,773,N/A,7641,1406,0
8/18/2023,541,315,316,4332,8410,5193,714,0,0,4276,18,486,783,N/A,7658,1406,0
8/19/2023,542,315,316,4340,8424,5212,714,0,0,4282,18,486,785,N/A,7665,1406,0
8/20/2023,543,315,316,4346,8435,5245,717,0,0,4304,18,489,790,N/A,7680,1406,0
8/21/2023,544,315,316,4358,8449,5264,719,0,0,4309,18,489,794,N/A,7692,1406,0
8/22/2023,545,315,316,4362,8476,5295,721,0,0,4312,18,491,797,N/A,7722,1406,0
8/23/2023,546,315,316,4373,8488,5318,722,0,0,4324,18,491,800,N/A,7745,1406,0
8/24/2023,547,315,316,4375,8511,5333,723,0,0,4344,18,494,801,N/A,7773,1406,0
8/25/2023,548,315,316,4378,8521,5361,724,0,0,4356,18,495,802,N/A,7790,1409,0
8/26/2023,549,315,316,4390,8539,5379,726,0,0,4367,18,497,804,N/A,7823,1411,0
8/27/2023,550,315,316,4396,8554,5403,728,0,0,4378,18,498,808,N/A,7854,1411,0
8/28/2023,551,315,316,4400,8562,5425,730,0,0,4383,18,499,809,N/A,7866,1415,0
8/29/2023,552,315,316,4414,8579,5450,733,0,0,4387,18,500,820,N/A,7909,1419,0
8/30/2023,553,315,316,4423,8596,5476,733,0,0,4395,18,500,825,N/A,7953,1419,0
8/31/2023,554,315,316,4436,8604,5507,734,0,0,4417,18,500,830,N/A,7976,1445,0
9/1/2023,555,315,316,4459,8613,5530,735,0,0,4421,18,500,831,N/A,8009,1445,0
9/2/2023,556,315,316,4471,8637,5560,736,0,0,4433,18,501,835,N/A,8043,1447,0
9/3/2023,557,315,316,4476,8649,5582,739,0,0,4444,18,502,841,N/A,8102,1447,0
9/4/2023,558,315,316,4480,8663,5611,741,0,0,4481,19,503,847,N/A,8149,1447,0
9/5/2023,559,315,316,4489,8670,5649,747,0,0,4512,19,504,851,N/A,8175,1447,0
9/6/2023,560,315,316,4497,8682,5685,748,0,0,4519,19,505,852,N/A,8190,1447,0
9/7/2023,561,315,316,4506,8703,5722,753,0,0,4541,19,506,859,N/A,8217,1455,0
9/8/2023,562,315,316,4529,8726,5753,754,0,0,4570,19,507,860,N/A,8264,1455,0
9/9/2023,563,315,316,4544,8739,5789,757,0,0,4588,19,508,870,N/A,8298,1455,0
9/10/2023,564,315,316,4554,8755,5811,760,0,0,4593,19,509,872,N/A,8338,1455,0
9/11/2023,565,315,316,4560,8767,5839,760,0,0,4628,19,512,877,N/A,8370,1455,0
9/12/2023,566,315,316,4568,8778,5872,764,0,0,4645,19,515,881,N/A,8413,1455,0
9/13/2023,567,315,316,4584,8792,5902,766,0,0,4650,19,517,884,N/A,8444,1455,0
9/14/2023,568,315,316,4599,8810,5944,769,0,0,4697,20,517,889,N/A,8458,1455,1
9/15/2023,569,315,316,4612,8814,5972,774,0,0,4714,20,521,889,N/A,8492,1455,1
9/16/2023,570,315,316,4616,8824,5988,774,0,0,4738,20,521,891,N/A,8525,1455,1
9/17/2023,571,315,316,4620,8828,6003,776,0,0,4742,20,523,896,N/A,8537,1455,1
9/18/2023,572,315,316,4623,8834,6027,776,0,0,4769,20,525,901,N/A,8571,1462,1
9/19/2023,573,315,316,4628,8851,6062,778,0,0,4784,20,526,903,N/A,8601,1479,1
9/20/2023,574,315,316,4635,8868,6096,779,0,0,4821,20,526,906,N/A,8633,1479,1
9/21/2023,575,315,316,4638,8883,6137,781,0,0,4850,20,528,911,N/A,8670,1479,1
9/22/2023,576,315,316,4644,8891,6177,785,0,0,4858,20,528,912,N/A,8690,1517,1
9/23/2023,577,315,316,4655,8912,6210,789,0,0,4867,20,530,912,N/A,8716,1518,1
9/24/2023,578,315,316,4662,8914,6233,789,0,0,4888,20,531,914,N/A,8734,1518,1
9/25/2023,579,315,316,4667,8927,6260,791,0,0,4895,20,533,918,N/A,8746,1518,1
9/26/2023,580,315,316,4672,8946,6299,792,0,0,4924,20,533,925,N/A,8763,1529,1
9/27/2023,581,315,316,4675,8950,6337,792,0,0,4948,20,534,927,N/A,8792,1529,1
9/28/2023,582,315,316,4679,8962,6375,793,0,0,4957,20,535,929,N/A,8815,1529,1
9/29/2023,583,315,316,4687,8972,6409,794,0,0,4991,20,536,930,N/A,8836,1529,1
9/30/2023,584,315,316,4691,8984,6447,796,0,0,5006,20,537,932,N/A,8854,1529,1
10/1/2023,585,316,316,4702,8991,6477,798,0,0,5043,20,537,933,N/A,8883,1529,1
10/2/2023,586,316,316,4712,9000,6525,801,0,0,5061,20,537,938,N/A,8909,1529,1
10/3/2023,587,315,316,4732,9008,6565,801,0,0,5080,20,540,943,N/A,8932,1529,1
10/4/2023,588,315,316,4745,9026,6612,802,0,0,5121,20,540,946,N/A,8962,1530,1
10/5/2023,589,315,316,4757,9052,6643,804,0,0,5129,20,540,948,N/A,8980,1530,1
10/6/2023,590,315,316,4777,9082,6666,806,0,0,5158,20,540,951,N/A,9015,1530,1
10/7/2023,591,315,316,4800,9102,6688,808,0,0,5185,20,541,956,N/A,9073,1530,1
10/8/2023,592,315,316,4821,9123,6705,808,0,0,5190,20,542,959,N/A,9111,1530,1
10/9/2023,593,315,316,4823,9126,6706,808,0,0,5190,20,543,959,N/A,9113,1530,1
10/10/2023,594,315,316,4829,9129,6713,808,0,0,5207,20,544,961,N/A,9125,1530,1
10/11/2023,595,316,316,4863,9220,6731,809,0,0,5226,20,545,965,N/A,9145,1530,1
10/12/2023,596,316,316,4905,9264,6763,811,0,0,5247,20,545,966,N/A,9170,1531,1
10/13/2023,597,316,316,4931,9313,6807,811,0,0,5264,20,546,967,N/A,9203,1531,1
10/14/2023,598,317,316,4940,9337,6833,811,0,0,5265,20,547,971,N/A,9225,1531,1
10/15/2023,599,317,316,4948,9362,6866,813,0,0,5269,20,547,976,N/A,9249,1531,1
10/16/2023,600,318,317,4965,9385,6910,814,0,0,5280,20,547,981,N/A,9271,1531,1
10/17/2023,601,318,317,4979,9405,6936,814,0,0,5291,20,547,982,N/A,9293,1533,1
10/18/2023,602,319,323,4981,9420,6944,814,0,0,5301,20,547,982,N/A,9303,1534,1
10/19/2023,603,320,324,4992,9437,6983,818,0,0,5318,20,548,985,N/A,9337,1534,1
10/20/2023,604,320,324,5047,9557,7012,822,0,0,5326,20,548,985,N/A,9370,1535,1
10/21/2023,605,320,324,5063,9612,7017,822,0,0,5330,20,548,990,N/A,9391,1535,1
10/22/2023,606,320,324,5081,9631,7032,825,0,0,5339,20,549,991,N/A,9404,1535,1
10/23/2023,607,320,324,5093,9653,7057,825,0,0,5345,20,551,998,N/A,9419,1536,1
10/24/2023,608,320,324,5105,9669,7081,828,0,0,5363,20,552,1006,N/A,9447,1537,1
10/25/2023,609,320,324,5112,9697,7125,833,0,0,5372,20,554,1007,N/A,9474,1538,1
10/26/2023,610,320,324,5141,9715,7155,834,0,0,5389,20,556,1010,N/A,9507,1538,1
10/27/2023,611,320,324,5145,9726,7162,834,0,0,5390,20,556,1011,N/A,9513,1538,1
10/28/2023,612,320,324,5167,9749,7180,834,0,0,5399,20,558,1011,N/A,9524,1541,1
10/29/2023,613,320,324,5175,9758,7188,834,0,0,5399,20,558,1012,N/A,9532,1544,1
10/30/2023,614,321,324,5190,9775,7202,834,0,0,5419,20,559,1014,N/A,9555,1544,1
10/31/2023,615,321,324,5211,9804,7227,844,0,0,5440,20,562,1016,N/A,9590,1546,1
11/1/2023,616,321,324,5223,9834,7250,846,0,0,5468,20,563,1019,N/A,9624,1547,1
11/2/2023,617,322,324,5241,9877,7292,850,0,0,5488,20,566,1032,N/A,9658,1549,1
11/3/2023,618,322,324,5265,9901,7328,854,0,0,5495,20,566,1034,N/A,9691,1551,1
11/4/2023,619,322,324,5276,9939,7363,861,0,0,5534,20,568,1038,N/A,9716,1551,1
11/5/2023,620,322,324,5284,9953,7375,867,0,0,5534,20,570,1047,N/A,9730,1554,1
11/6/2023,621,322,324,5288,9958,7389,867,0,0,5554,20,570,1047,N/A,9744,1556,1
11/7/2023,622,322,324,5293,9974,7410,869,0,0,5557,20,570,1049,N/A,9767,1556,1
11/8/2023,623,322,324,5301,9996,7439,872,0,0,5567,20,572,1054,N/A,9814,1556,1
11/9/2023,624,322,324,5316,10014,7475,875,0,0,5593,20,577,1059,N/A,9853,1557,1
11/10/2023,625,322,324,5317,10017,7489,877,0,0,5595,20,578,1060,N/A,9876,1558,1
11/11/2023,626,322,324,5342,10041,7527,879,0,0,5620,22,579,1069,N/A,9925,1559,1
11/12/2023,627,322,324,5349,10073,7559,881,0,0,5632,22,580,1078,N/A,9944,1560,1
11/13/2023,628,322,324,5354,10079,7569,881,0,0,5634,22,580,1079,N/A,9949,1561,1
11/14/2023,629,322,324,5362,10086,7589,882,0,0,5649,22,580,1081,N/A,9973,1561,1
11/15/2023,630,323,324,5377,10104,7647,884,0,0,5675,22,582,1083,N/A,10020,1562,1
11/16/2023,631,323,324,5388,10121,7683,892,0,0,5689,22,585,1084,N/A,10060,1563,1
11/17/2023,632,323,324,5415,10132,7712,895,0,0,5709,22,585,1086,N/A,10077,1563,1
11/18/2023,633,323,324,5422,10141,7726,896,0,0,5726,22,586,1090,N/A,10091,1563,1
11/19/2023,634,323,324,5435,10166,7744,898,0,0,5755,22,588,1096,N/A,10120,1563,1
